{
  "agent_id": "agent_dummy",
  "unique_id": 247,
  "agent_evaluation_score": {
    "avg_exact_match": 0.5,
    "avg_precision": 0.5833333333333334,
    "avg_recall": 0.5291666666666667,
    "avg_f1": 0.5416666666666666,
    "total_tasks": 24,
    "perfect_tasks": 12
  }
}